order_id,product_id,price,rating,return_status
O0001,P909,141.9,3,0
O0002,P778,232.72,3,0
O0003,P508,496.9,3,0
O0004,P763,138.81,3,0
O0005,P255,453.4,1,1
O0006,P881,48.02,5,0
O0007,P144,430.74,2,1
O0008,P678,253.85,5,0
O0009,P670,329.87,5,0
O0010,P612,119.48,2,0
O0011,P462,89.98,3,0
O0012,P424,467.77,3,1
O0013,P426,226.59,3,0
O0014,P140,437.54,1,1
O0015,P327,208.84,2,0
O0016,P821,180.9,4,0
O0017,P359,328.41,3,0
O0018,P534,292.83,1,1
O0019,P696,202.18,2,0
O0020,P235,85.44,3,1
O0021,P368,213.81,2,0
O0022,P932,192.18,2,1
O0023,P316,27.35,2,0
O0024,P612,218.22,4,0
O0025,P130,255.96,4,1
O0026,P587,396.8,3,0
O0027,P116,400.79,3,0
O0028,P975,128.91,5,0
O0029,P799,154.24,5,0
O0030,P948,253.76,2,1
O0031,P880,168.35,5,0
O0032,P140,134.63,1,1
O0033,P393,57.66,3,0
O0034,P982,160.72,2,0
O0035,P331,250.45,4,0
O0036,P913,259.15,3,0
O0037,P389,470.88,4,0
O0038,P750,474.43,1,0
O0039,P509,61.51,2,0
O0040,P493,50.16,1,0
O0041,P394,258.34,4,0
O0042,P163,170.31,4,1
O0043,P421,291.72,2,1
O0044,P852,171.62,3,0
O0045,P193,131.7,5,0
O0046,P344,160.22,4,0
O0047,P127,22.44,5,0
O0048,P681,280.35,1,0
O0049,P443,277.57,5,0
O0050,P994,185.65,5,0
O0051,P944,341.44,5,0
O0052,P576,252.56,4,0
O0053,P866,408.64,3,1
O0054,P525,152.44,1,1
O0055,P264,366.1,2,1
O0056,P978,469.39,4,1
O0057,P448,36.63,1,0
O0058,P734,228.88,3,0
O0059,P292,195.3,3,0
O0060,P704,460.77,3,0
O0061,P545,317.35,5,0
O0062,P804,125.82,1,0
O0063,P666,169.12,3,0
O0064,P531,431.05,2,0
O0065,P340,380.39,2,1
O0066,P443,276.72,2,1
O0067,P335,168.1,3,0
O0068,P790,46.4,3,0
O0069,P248,400.27,1,1
O0070,P594,359.39,1,1
O0071,P583,133.04,2,0
O0072,P564,185.83,1,1
O0073,P195,57.66,3,0
O0074,P787,121.68,5,0
O0075,P923,466.56,3,0
O0076,P255,413.38,2,1
O0077,P689,208.27,2,0
O0078,P813,421.91,4,0
O0079,P546,119.68,5,0
O0080,P195,106.5,3,0
O0081,P486,374.16,1,0
O0082,P189,401.13,1,1
O0083,P972,493.4,5,0
O0084,P214,435.94,3,0
O0085,P483,332.98,3,1
O0086,P657,70.4,2,0
O0087,P261,199.06,4,0
O0088,P640,165.14,4,0
O0089,P104,277.95,5,0
O0090,P541,70.46,5,0
O0091,P518,328.97,1,1
O0092,P171,204.47,1,1
O0093,P631,178.76,2,1
O0094,P107,254.65,1,0
O0095,P437,271.47,3,0
O0096,P378,248.48,4,0
O0097,P913,95.04,1,0
O0098,P491,303.71,4,0
O0099,P766,240.14,5,0
O0100,P734,467.91,2,1
O0101,P883,426.73,3,0
O0102,P559,236.23,2,1
O0103,P189,24.63,3,0
O0104,P216,114.23,1,0
O0105,P885,151.43,2,0
O0106,P486,11.87,3,0
O0107,P710,447.41,2,0
O0108,P909,449.38,2,0
O0109,P887,441.93,4,0
O0110,P478,127.06,1,0
O0111,P141,56.5,1,0
O0112,P108,242.02,3,0
O0113,P195,376.17,4,0
O0114,P158,358.84,4,0
O0115,P515,163.19,5,0
O0116,P177,150.94,1,1
O0117,P932,146.35,4,0
O0118,P420,311.21,4,0
O0119,P723,421.24,4,0
O0120,P171,320.27,5,0
O0121,P754,251.27,1,1
O0122,P323,73.56,1,0
O0123,P898,136.62,3,0
O0124,P404,306.2,2,0
O0125,P798,406.78,2,0
O0126,P591,215.37,1,0
O0127,P523,229.87,2,0
O0128,P798,368.39,3,0
O0129,P614,284.78,4,0
O0130,P283,365.77,5,0
O0131,P458,132.84,5,1
O0132,P988,414.26,3,1
O0133,P862,330.32,5,1
O0134,P407,192.13,4,0
O0135,P506,122.92,4,0
O0136,P436,293.43,1,0
O0137,P736,302.13,2,1
O0138,P348,136.25,5,1
O0139,P142,438.97,3,1
O0140,P596,25.64,5,0
O0141,P958,58.2,2,0
O0142,P271,142.94,4,1
O0143,P235,29.58,5,0
O0144,P294,395.98,5,1
O0145,P630,308.57,1,1
O0146,P872,116.92,3,0
O0147,P851,249.99,2,0
O0148,P110,278.22,2,1
O0149,P154,146.32,4,1
O0150,P995,81.85,5,1
O0151,P446,21.68,5,0
O0152,P102,406.48,2,0
O0153,P101,56.09,5,0
O0154,P928,483.3,5,0
O0155,P146,54.59,4,0
O0156,P880,489.02,4,0
O0157,P737,16.06,3,0
O0158,P554,45.43,5,0
O0159,P553,218.39,3,1
O0160,P130,117.09,5,0
O0161,P525,388.73,4,0
O0162,P333,241.9,3,1
O0163,P494,444.3,4,0
O0164,P195,265.52,5,1
O0165,P578,101.51,5,0
O0166,P795,305.21,2,1
O0167,P100,264.05,1,0
O0168,P875,162.14,1,0
O0169,P726,367.31,4,0
O0170,P484,344.72,1,0
O0171,P657,491.89,4,0
O0172,P568,478.42,2,0
O0173,P171,97.27,1,1
O0174,P126,451.9,4,0
O0175,P431,52.29,4,0
O0176,P549,132.86,3,0
O0177,P297,303.9,1,1
O0178,P482,470.98,4,1
O0179,P796,363.24,3,1
O0180,P115,280.6,5,1
O0181,P130,50.23,5,0
O0182,P426,277.19,4,0
O0183,P719,247.56,3,0
O0184,P302,36.43,5,0
O0185,P337,442.97,2,1
O0186,P362,276.18,1,1
O0187,P501,233.74,1,1
O0188,P487,61.02,2,0
O0189,P104,299.86,2,1
O0190,P401,491.72,2,1
O0191,P532,448.86,4,0
O0192,P258,419.65,4,1
O0193,P287,379.85,5,0
O0194,P139,178.31,1,1
O0195,P232,338.09,4,0
O0196,P419,182.72,2,0
O0197,P529,163.55,5,0
O0198,P221,149.4,1,0
O0199,P795,79.13,5,0
O0200,P355,282.73,2,1
O0201,P134,452.98,3,1
O0202,P283,303.96,3,0
O0203,P272,433.66,2,1
O0204,P978,455.9,5,0
O0205,P485,203.79,4,0
O0206,P734,270.31,1,0
O0207,P234,254.64,4,0
O0208,P459,252.72,1,0
O0209,P274,360.75,5,1
O0210,P798,86.19,3,0
O0211,P587,164.39,2,1
O0212,P560,388.94,5,0
O0213,P775,23.11,4,0
O0214,P916,115.0,1,0
O0215,P983,316.08,4,0
O0216,P574,204.54,3,0
O0217,P428,348.56,5,0
O0218,P992,392.49,3,0
O0219,P612,349.97,2,1
O0220,P380,207.18,2,0
O0221,P667,34.33,4,0
O0222,P721,287.3,5,0
O0223,P825,401.43,1,1
O0224,P121,83.23,5,0
O0225,P398,475.47,1,1
O0226,P208,16.83,4,0
O0227,P797,89.58,3,0
O0228,P729,405.21,4,1
O0229,P647,216.01,4,0
O0230,P661,479.11,3,0
O0231,P485,419.04,2,0
O0232,P492,483.46,5,1
O0233,P741,266.04,1,0
O0234,P646,133.13,4,0
O0235,P809,228.01,5,0
O0236,P209,207.99,3,0
O0237,P688,48.37,5,0
O0238,P598,319.86,5,1
O0239,P870,490.6,5,0
O0240,P721,102.82,5,0
O0241,P671,385.7,2,1
O0242,P806,207.74,1,0
O0243,P180,217.41,5,0
O0244,P932,413.04,5,0
O0245,P432,485.23,3,0
O0246,P532,499.59,4,0
O0247,P995,358.73,1,1
O0248,P791,258.28,5,0
O0249,P206,493.78,2,1
O0250,P640,347.5,1,1
O0251,P914,22.76,2,1
O0252,P782,99.63,2,0
O0253,P564,28.06,5,0
O0254,P609,309.64,4,0
O0255,P937,218.47,5,0
O0256,P613,464.87,5,0
O0257,P279,49.73,5,0
O0258,P552,303.09,2,1
O0259,P753,289.99,4,0
O0260,P858,432.35,5,1
O0261,P697,267.93,1,0
O0262,P542,19.96,2,0
O0263,P916,137.08,3,0
O0264,P585,248.0,1,0
O0265,P439,402.37,2,0
O0266,P289,379.37,3,0
O0267,P168,441.66,2,1
O0268,P250,99.29,4,1
O0269,P767,102.65,3,0
O0270,P382,493.68,3,1
O0271,P292,250.54,5,0
O0272,P805,400.72,2,0
O0273,P297,300.89,1,1
O0274,P874,41.64,1,0
O0275,P314,289.92,5,0
O0276,P344,56.49,5,0
O0277,P554,111.19,3,0
O0278,P683,304.99,4,1
O0279,P543,129.3,1,0
O0280,P870,89.45,4,0
O0281,P136,194.55,2,1
O0282,P541,353.98,2,0
O0283,P489,396.08,4,0
O0284,P266,124.78,5,0
O0285,P396,142.09,3,0
O0286,P715,43.8,2,0
O0287,P396,141.3,3,0
O0288,P255,234.79,3,0
O0289,P707,56.92,2,0
O0290,P213,424.4,2,0
O0291,P978,189.07,5,0
O0292,P593,216.61,4,0
O0293,P420,109.4,3,0
O0294,P241,438.57,5,0
O0295,P790,371.73,1,1
O0296,P438,70.74,5,0
O0297,P214,134.59,1,0
O0298,P401,113.3,3,0
O0299,P165,410.86,3,1
O0300,P657,279.93,3,0
O0301,P704,211.98,2,0
O0302,P570,163.45,4,0
O0303,P781,244.75,3,0
O0304,P698,207.32,5,0
O0305,P901,408.02,5,0
O0306,P848,384.99,5,0
O0307,P557,371.63,3,0
O0308,P498,12.17,2,1
O0309,P319,140.99,3,0
O0310,P397,142.81,2,0
O0311,P309,344.08,3,0
O0312,P702,451.88,5,1
O0313,P175,223.7,3,1
O0314,P928,471.09,2,0
O0315,P573,361.46,3,1
O0316,P171,84.92,2,1
O0317,P353,375.85,5,0
O0318,P443,294.69,2,0
O0319,P118,376.56,3,1
O0320,P644,201.56,2,0
O0321,P710,247.15,5,0
O0322,P927,322.04,4,0
O0323,P434,324.9,4,0
O0324,P967,356.91,2,0
O0325,P381,405.88,1,1
O0326,P487,56.34,3,0
O0327,P270,338.88,3,1
O0328,P958,268.21,2,1
O0329,P241,219.75,5,0
O0330,P871,462.74,1,1
O0331,P707,125.73,3,0
O0332,P116,225.73,3,0
O0333,P714,78.29,2,1
O0334,P891,318.06,4,0
O0335,P168,463.23,3,1
O0336,P611,443.62,3,0
O0337,P616,473.1,5,0
O0338,P875,418.93,3,0
O0339,P729,352.46,1,0
O0340,P899,256.83,5,0
O0341,P491,260.08,1,1
O0342,P784,170.59,2,0
O0343,P965,244.14,2,1
O0344,P326,394.82,3,0
O0345,P999,93.57,1,1
O0346,P327,265.83,1,0
O0347,P414,277.55,1,0
O0348,P570,164.93,4,0
O0349,P327,115.03,2,0
O0350,P841,194.87,1,0
O0351,P883,68.3,3,0
O0352,P408,441.51,3,0
O0353,P550,66.48,1,0
O0354,P150,197.4,5,0
O0355,P488,284.06,4,0
O0356,P699,446.46,2,0
O0357,P232,364.69,1,1
O0358,P736,53.34,4,0
O0359,P308,340.13,4,0
O0360,P841,255.77,5,0
O0361,P686,410.03,4,0
O0362,P430,197.75,2,0
O0363,P343,257.03,3,0
O0364,P358,491.42,4,0
O0365,P230,290.96,3,0
O0366,P375,223.06,3,0
O0367,P615,346.51,1,0
O0368,P208,428.44,2,0
O0369,P450,74.27,5,1
O0370,P398,187.23,1,0
O0371,P426,446.33,1,1
O0372,P804,132.09,1,1
O0373,P181,202.63,1,1
O0374,P684,292.8,3,0
O0375,P931,444.94,5,0
O0376,P555,299.6,2,0
O0377,P496,13.15,3,0
O0378,P562,146.8,5,0
O0379,P994,227.02,4,0
O0380,P418,382.72,1,1
O0381,P185,233.72,2,0
O0382,P514,272.51,5,0
O0383,P327,231.26,2,0
O0384,P342,389.33,1,1
O0385,P361,131.38,4,0
O0386,P362,131.0,5,0
O0387,P469,197.33,1,0
O0388,P721,476.52,4,0
O0389,P998,224.96,5,0
O0390,P403,43.22,3,0
O0391,P708,75.33,4,0
O0392,P430,140.69,1,0
O0393,P538,202.89,5,0
O0394,P349,104.71,3,0
O0395,P567,206.01,4,0
O0396,P154,256.73,4,0
O0397,P261,274.73,2,0
O0398,P494,29.49,5,0
O0399,P539,104.44,3,0
O0400,P618,301.86,4,0
O0401,P677,207.9,3,0
O0402,P656,55.74,3,0
O0403,P122,28.22,4,0
O0404,P308,67.98,5,1
O0405,P849,316.18,3,0
O0406,P771,98.47,2,1
O0407,P235,343.57,1,1
O0408,P899,495.86,3,0
O0409,P942,67.37,5,0
O0410,P671,387.72,3,1
O0411,P683,369.3,5,0
O0412,P821,245.44,3,0
O0413,P247,298.92,5,0
O0414,P213,237.46,4,0
O0415,P613,342.12,1,0
O0416,P972,315.86,2,0
O0417,P706,433.89,2,0
O0418,P615,431.86,1,0
O0419,P912,223.98,2,1
O0420,P762,50.84,5,0
O0421,P782,140.54,5,0
O0422,P925,86.65,2,0
O0423,P798,380.15,2,1
O0424,P135,102.01,3,0
O0425,P459,426.52,3,0
O0426,P994,243.43,4,0
O0427,P425,447.09,5,0
O0428,P524,222.18,1,1
O0429,P126,101.57,2,0
O0430,P178,265.24,5,0
O0431,P587,208.63,1,1
O0432,P996,194.12,1,0
O0433,P159,215.67,3,0
O0434,P610,311.92,2,1
O0435,P902,117.71,4,0
O0436,P987,316.27,4,1
O0437,P317,264.1,3,0
O0438,P701,146.62,3,0
O0439,P324,328.36,5,0
O0440,P843,395.61,4,0
O0441,P681,194.76,2,0
O0442,P543,463.99,5,0
O0443,P404,480.87,5,0
O0444,P444,333.03,2,1
O0445,P623,465.06,3,1
O0446,P761,211.55,2,1
O0447,P399,200.42,2,0
O0448,P281,216.42,4,0
O0449,P431,181.98,4,0
O0450,P756,336.49,4,0
O0451,P817,93.88,3,0
O0452,P422,254.13,2,1
O0453,P781,319.24,5,0
O0454,P354,393.44,3,0
O0455,P751,242.5,5,0
O0456,P132,189.0,5,1
O0457,P924,324.11,1,1
O0458,P825,486.35,1,0
O0459,P211,440.65,3,1
O0460,P632,393.58,1,0
O0461,P571,299.78,5,0
O0462,P978,104.27,1,0
O0463,P166,184.21,1,0
O0464,P176,247.17,4,0
O0465,P902,135.41,2,0
O0466,P143,205.95,4,1
O0467,P397,115.32,4,0
O0468,P772,451.73,2,1
O0469,P734,255.2,2,1
O0470,P431,383.01,4,1
O0471,P890,238.94,5,0
O0472,P625,131.98,3,0
O0473,P787,33.49,3,0
O0474,P308,59.67,5,0
O0475,P617,383.7,5,0
O0476,P955,386.53,1,1
O0477,P838,155.3,5,0
O0478,P202,19.39,3,0
O0479,P308,44.08,3,0
O0480,P688,456.36,1,0
O0481,P164,98.43,3,0
O0482,P211,334.83,3,0
O0483,P239,12.78,3,0
O0484,P146,264.89,4,1
O0485,P127,261.79,2,0
O0486,P560,81.82,5,0
O0487,P648,446.53,3,0
O0488,P817,145.62,3,0
O0489,P313,397.69,1,1
O0490,P953,350.97,3,1
O0491,P451,58.2,5,0
O0492,P492,108.58,3,0
O0493,P419,201.6,5,0
O0494,P912,214.0,1,0
O0495,P710,214.46,4,1
O0496,P629,34.34,1,0
O0497,P559,378.51,4,0
O0498,P562,69.93,4,0
O0499,P761,444.06,2,1
O0500,P947,42.04,4,0
O0501,P556,94.69,5,0
O0502,P402,453.07,4,0
O0503,P435,209.25,1,0
O0504,P716,50.2,2,0
O0505,P906,277.43,4,0
O0506,P570,315.38,3,0
O0507,P351,353.01,2,0
O0508,P679,60.68,4,0
O0509,P897,180.02,2,1
O0510,P173,411.02,5,0
O0511,P711,434.74,1,1
O0512,P581,416.06,4,0
O0513,P205,51.76,1,0
O0514,P972,22.97,2,0
O0515,P384,116.48,4,0
O0516,P502,61.15,1,1
O0517,P387,97.29,1,0
O0518,P291,226.23,2,0
O0519,P209,104.84,5,0
O0520,P150,239.89,4,0
O0521,P726,205.37,2,1
O0522,P289,205.95,3,0
O0523,P748,92.88,4,0
O0524,P653,425.32,1,0
O0525,P969,77.31,3,1
O0526,P507,335.78,2,1
O0527,P702,116.91,2,1
O0528,P957,386.85,1,0
O0529,P716,151.66,5,0
O0530,P587,273.08,5,0
O0531,P138,435.07,5,0
O0532,P561,279.22,1,0
O0533,P829,466.31,2,1
O0534,P380,137.59,5,0
O0535,P625,344.14,5,1
O0536,P459,227.91,2,1
O0537,P410,473.77,1,1
O0538,P619,111.1,4,0
O0539,P886,266.76,2,1
O0540,P623,104.07,4,0
O0541,P834,428.52,3,0
O0542,P900,195.24,4,0
O0543,P390,197.39,1,1
O0544,P202,221.21,2,0
O0545,P919,275.93,5,0
O0546,P764,354.43,5,0
O0547,P898,25.73,2,0
O0548,P534,343.81,1,0
O0549,P905,311.82,1,1
O0550,P346,367.6,2,0
O0551,P788,223.74,3,0
O0552,P963,415.17,1,0
O0553,P264,36.59,2,0
O0554,P847,441.93,4,1
O0555,P101,365.25,3,1
O0556,P991,77.1,2,1
O0557,P254,374.37,2,0
O0558,P903,113.79,2,0
O0559,P428,267.89,2,0
O0560,P445,342.52,5,0
O0561,P988,175.18,1,0
O0562,P507,106.68,2,0
O0563,P294,209.33,5,0
O0564,P667,114.13,5,0
O0565,P610,333.74,5,0
O0566,P960,210.2,2,0
O0567,P793,47.02,4,0
O0568,P860,197.56,4,0
O0569,P289,283.5,5,0
O0570,P107,116.1,2,0
O0571,P374,57.25,4,0
O0572,P324,211.71,5,0
O0573,P664,155.46,4,0
O0574,P231,289.43,5,0
O0575,P204,361.6,3,0
O0576,P693,283.56,3,0
O0577,P315,91.79,1,0
O0578,P200,65.16,1,0
O0579,P343,343.84,4,1
O0580,P283,244.96,4,0
O0581,P146,335.09,2,0
O0582,P928,40.55,2,0
O0583,P424,188.64,2,0
O0584,P627,314.87,2,0
O0585,P345,285.15,5,1
O0586,P756,22.47,4,0
O0587,P152,68.39,2,0
O0588,P331,327.41,1,0
O0589,P833,393.64,4,1
O0590,P610,39.82,3,0
O0591,P310,295.04,4,1
O0592,P347,425.44,5,0
O0593,P505,172.03,2,1
O0594,P748,81.29,3,0
O0595,P300,413.15,1,0
O0596,P750,368.22,3,0
O0597,P380,440.72,1,0
O0598,P239,296.42,4,0
O0599,P102,131.4,4,0
O0600,P940,295.54,2,0
O0601,P245,209.97,4,0
O0602,P609,277.23,2,1
O0603,P371,64.77,3,0
O0604,P513,303.56,2,1
O0605,P212,78.95,3,1
O0606,P162,470.52,1,0
O0607,P377,263.63,5,0
O0608,P923,410.64,1,0
O0609,P276,447.61,4,1
O0610,P986,404.35,4,0
O0611,P255,253.18,1,0
O0612,P995,281.12,1,0
O0613,P456,261.87,1,1
O0614,P871,235.08,3,0
O0615,P665,271.02,5,1
O0616,P581,125.74,4,1
O0617,P509,422.99,2,0
O0618,P523,208.86,5,0
O0619,P574,63.11,2,0
O0620,P951,257.52,3,0
O0621,P128,271.67,5,0
O0622,P102,376.98,3,1
O0623,P321,199.13,3,0
O0624,P988,365.29,2,0
O0625,P713,417.66,2,0
O0626,P728,465.14,1,0
O0627,P998,472.04,2,1
O0628,P502,291.72,3,1
O0629,P839,445.89,3,1
O0630,P551,435.56,3,0
O0631,P528,70.44,1,0
O0632,P673,186.53,4,1
O0633,P514,34.58,4,0
O0634,P331,481.94,4,0
O0635,P311,342.57,3,0
O0636,P540,100.91,5,0
O0637,P597,230.9,3,0
O0638,P346,309.72,2,1
O0639,P562,492.38,5,1
O0640,P792,177.13,2,0
O0641,P159,362.02,2,0
O0642,P392,349.41,5,0
O0643,P873,326.79,5,0
O0644,P841,256.27,3,0
O0645,P679,52.22,1,0
O0646,P704,497.01,4,0
O0647,P844,308.03,4,1
O0648,P728,39.91,4,0
O0649,P227,16.84,2,0
O0650,P463,492.18,4,0
O0651,P644,296.72,1,0
O0652,P347,441.33,1,1
O0653,P146,447.42,2,0
O0654,P764,16.55,3,0
O0655,P731,494.62,2,1
O0656,P554,299.88,5,0
O0657,P821,204.28,2,0
O0658,P129,305.52,1,0
O0659,P408,96.83,4,0
O0660,P790,134.78,4,0
O0661,P338,138.09,5,0
O0662,P372,110.65,3,0
O0663,P718,155.88,4,0
O0664,P962,68.98,5,0
O0665,P146,82.03,2,0
O0666,P914,373.98,3,1
O0667,P416,423.76,2,1
O0668,P770,257.86,3,0
O0669,P146,205.53,2,1
O0670,P154,45.6,1,0
O0671,P602,142.78,3,0
O0672,P881,212.88,5,0
O0673,P398,186.55,5,0
O0674,P874,19.08,2,0
O0675,P934,61.94,2,0
O0676,P154,362.18,1,0
O0677,P702,289.24,2,1
O0678,P843,180.21,3,0
O0679,P750,45.42,4,0
O0680,P211,486.82,2,0
O0681,P428,52.37,4,0
O0682,P319,481.99,3,1
O0683,P367,64.34,4,0
O0684,P735,238.74,1,0
O0685,P209,83.86,5,0
O0686,P520,35.78,4,0
O0687,P814,227.1,5,0
O0688,P658,404.77,1,0
O0689,P827,230.6,4,0
O0690,P536,208.29,5,0
O0691,P372,336.73,3,0
O0692,P689,91.23,5,1
O0693,P697,175.6,3,0
O0694,P612,190.59,3,0
O0695,P967,91.99,5,0
O0696,P441,250.19,3,0
O0697,P875,465.19,1,1
O0698,P285,358.57,2,0
O0699,P643,363.08,1,1
O0700,P161,447.1,2,1
O0701,P721,208.9,2,0
O0702,P863,417.68,2,1
O0703,P715,156.76,1,0
O0704,P659,61.24,2,1
O0705,P811,408.96,1,0
O0706,P740,231.58,5,0
O0707,P972,274.9,3,0
O0708,P175,114.67,4,0
O0709,P708,244.04,1,0
O0710,P122,343.73,3,0
O0711,P474,410.09,5,0
O0712,P351,248.75,1,0
O0713,P717,431.29,2,1
O0714,P716,237.34,2,1
O0715,P582,394.89,3,1
O0716,P500,119.47,1,0
O0717,P611,92.58,2,0
O0718,P779,108.59,4,0
O0719,P832,244.54,2,0
O0720,P194,450.06,2,1
O0721,P154,89.35,4,0
O0722,P487,316.83,2,1
O0723,P612,286.2,4,0
O0724,P236,78.18,3,0
O0725,P716,90.58,4,0
O0726,P170,346.59,3,1
O0727,P623,456.03,1,0
O0728,P553,198.36,4,0
O0729,P601,496.61,2,1
O0730,P924,147.31,1,0
O0731,P982,261.61,4,1
O0732,P244,188.88,5,0
O0733,P724,271.25,3,0
O0734,P769,410.12,2,0
O0735,P824,43.43,3,0
O0736,P623,399.21,1,0
O0737,P941,164.96,3,0
O0738,P794,42.58,1,0
O0739,P130,76.97,3,0
O0740,P308,56.62,1,0
O0741,P886,225.06,5,0
O0742,P381,201.46,1,0
O0743,P955,304.03,4,0
O0744,P881,353.24,1,0
O0745,P503,341.64,4,0
O0746,P615,206.57,2,0
O0747,P975,39.1,5,0
O0748,P293,324.47,5,1
O0749,P258,403.73,4,1
O0750,P517,231.63,5,0
O0751,P907,344.18,5,0
O0752,P477,94.83,2,0
O0753,P280,152.76,2,0
O0754,P165,428.49,2,0
O0755,P438,109.33,3,0
O0756,P919,136.53,2,1
O0757,P313,350.89,1,1
O0758,P791,472.48,5,0
O0759,P745,490.94,3,0
O0760,P665,232.65,5,0
O0761,P880,264.49,3,0
O0762,P546,396.4,1,1
O0763,P719,55.95,5,0
O0764,P232,408.88,1,1
O0765,P540,367.42,3,0
O0766,P149,184.21,4,0
O0767,P389,453.12,2,0
O0768,P433,50.3,5,0
O0769,P123,490.23,1,0
O0770,P875,19.54,3,0
O0771,P552,465.69,3,0
O0772,P453,323.25,1,0
O0773,P242,292.39,5,0
O0774,P901,168.98,5,0
O0775,P426,365.32,2,1
O0776,P870,498.23,3,1
O0777,P684,122.31,3,0
O0778,P346,433.5,1,0
O0779,P248,135.44,2,0
O0780,P832,106.45,2,0
O0781,P129,333.84,5,1
O0782,P500,442.26,3,0
O0783,P918,388.82,4,1
O0784,P115,222.69,4,0
O0785,P743,464.67,4,1
O0786,P854,453.78,5,0
O0787,P640,146.09,3,0
O0788,P978,18.87,1,0
O0789,P705,336.21,1,1
O0790,P657,247.6,5,0
O0791,P231,347.22,2,0
O0792,P846,67.19,3,0
O0793,P570,238.51,4,1
O0794,P683,44.02,3,0
O0795,P831,247.98,3,0
O0796,P696,283.61,5,0
O0797,P372,332.36,3,0
O0798,P120,332.58,3,1
O0799,P887,426.28,4,0
O0800,P815,227.42,5,0
O0801,P986,102.36,3,0
O0802,P540,400.19,3,0
O0803,P540,232.34,4,0
O0804,P806,118.32,4,0
O0805,P680,391.74,3,1
O0806,P763,192.86,1,0
O0807,P752,254.18,5,1
O0808,P427,259.46,4,0
O0809,P150,482.39,2,1
O0810,P655,430.28,1,1
O0811,P155,267.2,4,0
O0812,P215,442.04,3,0
O0813,P448,318.44,3,1
O0814,P588,304.91,2,1
O0815,P307,428.47,1,0
O0816,P418,237.39,5,0
O0817,P744,325.18,1,1
O0818,P280,100.23,5,0
O0819,P885,337.97,4,0
O0820,P557,339.1,4,1
O0821,P199,85.67,1,1
O0822,P621,127.15,3,0
O0823,P564,58.22,5,0
O0824,P242,164.46,4,0
O0825,P705,315.49,2,1
O0826,P573,151.3,1,1
O0827,P121,476.0,2,0
O0828,P671,319.48,2,0
O0829,P781,475.07,3,0
O0830,P693,234.63,4,0
O0831,P477,430.55,3,1
O0832,P118,166.6,5,0
O0833,P502,60.8,1,0
O0834,P712,394.27,1,0
O0835,P701,97.97,2,0
O0836,P256,23.16,5,1
O0837,P873,400.16,3,0
O0838,P554,72.83,1,0
O0839,P382,40.2,2,1
O0840,P677,436.15,3,1
O0841,P606,90.95,5,0
O0842,P246,244.01,4,0
O0843,P245,490.33,2,1
O0844,P333,41.19,4,0
O0845,P492,316.29,2,0
O0846,P535,120.1,4,0
O0847,P863,441.07,4,0
O0848,P453,211.54,1,0
O0849,P809,486.96,3,1
O0850,P365,318.8,4,0
O0851,P411,170.59,4,0
O0852,P690,339.55,1,1
O0853,P738,489.28,5,0
O0854,P102,391.74,2,1
O0855,P612,129.33,1,0
O0856,P193,399.13,1,1
O0857,P489,479.13,1,1
O0858,P571,440.55,1,0
O0859,P905,145.63,4,0
O0860,P426,64.65,2,0
O0861,P915,360.49,5,0
O0862,P442,469.28,4,1
O0863,P728,227.18,2,1
O0864,P703,155.58,1,0
O0865,P213,46.13,2,0
O0866,P971,213.74,4,0
O0867,P814,205.21,2,0
O0868,P416,77.1,3,0
O0869,P291,403.89,1,1
O0870,P160,363.39,2,1
O0871,P683,366.98,1,1
O0872,P816,244.87,2,0
O0873,P532,387.83,4,0
O0874,P527,211.72,1,1
O0875,P971,456.37,4,0
O0876,P938,242.71,1,1
O0877,P159,276.17,3,0
O0878,P885,191.87,5,0
O0879,P120,364.65,2,1
O0880,P131,286.38,4,0
O0881,P209,408.88,3,1
O0882,P651,88.77,4,0
O0883,P632,335.63,2,1
O0884,P809,194.05,1,1
O0885,P772,24.27,3,0
O0886,P701,320.92,4,0
O0887,P164,39.63,2,0
O0888,P856,246.67,1,1
O0889,P690,330.96,4,0
O0890,P811,286.63,4,0
O0891,P656,118.99,5,0
O0892,P132,72.83,5,0
O0893,P849,340.51,5,0
O0894,P132,255.09,5,0
O0895,P151,181.53,2,0
O0896,P129,492.94,2,0
O0897,P881,123.34,2,1
O0898,P756,223.02,5,0
O0899,P410,266.74,3,0
O0900,P398,59.09,1,1
O0901,P827,68.92,1,1
O0902,P746,147.15,3,0
O0903,P115,129.17,2,0
O0904,P254,201.45,4,0
O0905,P285,249.86,1,0
O0906,P377,75.69,1,0
O0907,P686,478.98,4,0
O0908,P139,327.8,4,0
O0909,P401,474.87,4,1
O0910,P621,305.19,3,0
O0911,P851,422.76,2,1
O0912,P471,92.06,4,0
O0913,P225,92.54,2,0
O0914,P455,261.36,3,0
O0915,P964,408.27,2,0
O0916,P963,17.68,1,0
O0917,P919,283.12,1,0
O0918,P133,431.88,1,1
O0919,P391,353.82,4,0
O0920,P935,180.45,2,0
O0921,P404,386.31,1,0
O0922,P953,487.57,1,1
O0923,P837,433.51,5,0
O0924,P390,158.38,5,0
O0925,P190,287.47,4,0
O0926,P662,41.11,5,0
O0927,P359,371.82,1,1
O0928,P516,209.32,4,0
O0929,P132,241.1,4,0
O0930,P674,411.72,5,0
O0931,P151,10.43,1,1
O0932,P533,339.55,5,1
O0933,P913,292.74,1,0
O0934,P622,292.53,1,0
O0935,P321,282.43,2,0
O0936,P965,40.21,4,0
O0937,P872,132.72,1,0
O0938,P564,203.2,1,1
O0939,P503,111.83,4,0
O0940,P345,470.93,3,1
O0941,P728,24.58,1,1
O0942,P658,171.45,5,0
O0943,P448,130.07,5,0
O0944,P289,320.15,1,1
O0945,P150,116.77,1,0
O0946,P592,275.12,1,0
O0947,P873,305.01,1,1
O0948,P203,144.03,4,0
O0949,P388,64.21,1,1
O0950,P382,329.76,4,0
O0951,P466,51.46,2,0
O0952,P955,78.31,2,0
O0953,P443,484.98,1,0
O0954,P371,167.53,2,1
O0955,P393,304.52,3,0
O0956,P575,293.49,3,0
O0957,P566,108.14,2,1
O0958,P598,138.23,1,0
O0959,P416,224.36,1,0
O0960,P383,121.21,2,0
O0961,P879,329.45,2,1
O0962,P503,420.16,2,0
O0963,P912,44.07,1,1
O0964,P346,85.5,3,0
O0965,P484,460.22,1,0
O0966,P501,45.11,4,0
O0967,P710,130.98,1,0
O0968,P954,460.52,2,0
O0969,P492,58.0,3,0
O0970,P308,212.1,5,0
O0971,P200,95.35,2,0
O0972,P638,415.58,1,0
O0973,P104,285.27,3,0
O0974,P270,41.67,1,0
O0975,P934,23.46,4,0
O0976,P120,241.39,2,0
O0977,P329,274.96,3,0
O0978,P341,38.42,5,0
O0979,P683,27.71,3,1
O0980,P264,369.38,5,0
O0981,P250,399.48,1,1
O0982,P804,429.68,3,0
O0983,P705,281.54,1,0
O0984,P200,191.02,1,0
O0985,P326,31.31,3,0
O0986,P667,475.85,3,0
O0987,P360,225.63,2,1
O0988,P858,177.87,1,0
O0989,P699,195.32,2,0
O0990,P591,16.04,4,0
O0991,P765,149.22,3,0
O0992,P852,117.88,1,1
O0993,P837,338.4,3,0
O0994,P325,450.15,2,1
O0995,P957,306.07,5,1
O0996,P839,175.61,5,0
O0997,P269,197.91,3,0
O0998,P223,102.21,2,0
O0999,P458,429.21,1,1
O1000,P790,378.17,4,1
O1001,P637,383.55,4,0
O1002,P919,340.03,5,1
O1003,P201,354.09,4,1
O1004,P956,267.92,4,0
O1005,P270,32.33,1,0
O1006,P640,121.5,1,1
O1007,P855,420.27,4,0
O1008,P442,290.41,3,0
O1009,P141,486.95,3,0
O1010,P323,292.53,4,1
O1011,P151,238.64,2,1
O1012,P131,332.91,4,0
O1013,P897,398.16,1,1
O1014,P606,77.78,4,0
O1015,P379,491.73,3,0
O1016,P103,51.14,4,0
O1017,P297,243.85,4,1
O1018,P798,20.26,1,0
O1019,P279,74.56,2,1
O1020,P298,392.58,1,0
O1021,P132,210.62,4,0
O1022,P514,252.56,4,0
O1023,P141,482.25,1,1
O1024,P617,140.06,1,1
O1025,P193,163.13,3,0
O1026,P406,366.06,5,0
O1027,P185,464.29,1,1
O1028,P240,496.83,5,0
O1029,P926,66.88,1,1
O1030,P243,145.33,5,0
O1031,P246,425.17,2,0
O1032,P862,253.32,2,0
O1033,P636,130.64,1,0
O1034,P988,392.98,2,1
O1035,P939,45.85,4,0
O1036,P452,407.49,2,1
O1037,P711,35.08,5,0
O1038,P587,190.35,1,1
O1039,P293,382.17,4,0
O1040,P489,302.32,2,1
O1041,P913,17.67,5,0
O1042,P249,417.42,2,1
O1043,P891,102.39,2,1
O1044,P132,146.46,2,0
O1045,P696,113.1,4,0
O1046,P982,267.1,1,0
O1047,P659,118.96,4,0
O1048,P717,110.06,4,0
O1049,P142,473.86,3,1
O1050,P507,440.51,1,1
O1051,P917,103.71,3,0
O1052,P170,476.18,5,1
O1053,P158,167.72,3,1
O1054,P711,453.16,4,0
O1055,P387,249.13,5,0
O1056,P593,360.28,2,0
O1057,P922,282.62,1,0
O1058,P151,406.3,2,1
O1059,P896,478.21,5,0
O1060,P314,281.67,3,0
O1061,P179,495.0,4,0
O1062,P571,193.53,1,1
O1063,P645,62.83,4,0
O1064,P593,104.12,1,1
O1065,P929,124.78,2,0
O1066,P437,82.73,4,0
O1067,P895,67.04,5,0
O1068,P190,332.14,1,1
O1069,P982,161.78,5,0
O1070,P793,67.27,1,0
O1071,P285,337.18,1,1
O1072,P124,238.95,5,0
O1073,P219,144.68,3,0
O1074,P613,382.14,3,1
O1075,P706,68.3,2,0
O1076,P819,63.32,2,0
O1077,P132,458.85,3,0
O1078,P700,375.25,3,0
O1079,P606,132.52,2,0
O1080,P972,464.3,1,1
O1081,P660,57.04,1,1
O1082,P382,483.93,3,0
O1083,P432,439.16,2,1
O1084,P484,85.08,4,0
O1085,P732,265.72,4,0
O1086,P821,135.7,3,0
O1087,P107,342.28,1,1
O1088,P462,364.66,1,1
O1089,P819,307.75,3,0
O1090,P693,124.94,4,0
O1091,P181,455.24,4,1
O1092,P192,92.29,3,0
O1093,P752,335.1,5,0
O1094,P968,466.93,5,1
O1095,P934,157.27,5,0
O1096,P161,318.21,1,0
O1097,P458,451.16,5,0
O1098,P546,357.4,3,0
O1099,P506,329.44,3,0
O1100,P163,313.75,4,0
O1101,P478,194.13,3,1
O1102,P914,449.62,4,1
O1103,P962,121.81,4,0
O1104,P334,484.8,3,0
O1105,P105,153.92,5,0
O1106,P990,121.58,4,0
O1107,P663,150.55,2,0
O1108,P824,434.07,5,0
O1109,P755,110.36,2,0
O1110,P586,484.35,3,0
O1111,P953,367.68,4,0
O1112,P947,437.12,2,1
O1113,P897,202.76,4,0
O1114,P769,10.48,1,0
O1115,P898,359.71,3,1
O1116,P917,428.49,4,1
O1117,P906,405.67,3,0
O1118,P517,263.52,1,0
O1119,P650,117.26,2,0
O1120,P216,478.18,2,1
O1121,P788,179.71,5,0
O1122,P779,140.19,5,0
O1123,P805,266.97,5,0
O1124,P737,283.62,5,0
O1125,P866,235.37,5,0
O1126,P328,482.25,4,0
O1127,P744,315.74,3,0
O1128,P285,280.09,2,0
O1129,P169,169.34,3,0
O1130,P102,231.83,2,0
O1131,P926,186.67,4,0
O1132,P286,427.74,3,1
O1133,P857,150.7,5,0
O1134,P544,189.27,2,0
O1135,P427,491.4,5,0
O1136,P373,82.86,1,0
O1137,P249,451.02,4,0
O1138,P248,63.58,1,1
O1139,P590,135.68,1,0
O1140,P467,406.05,4,0
O1141,P831,360.9,1,1
O1142,P961,448.02,3,0
O1143,P720,135.18,5,0
O1144,P177,333.55,2,1
O1145,P934,278.24,2,1
O1146,P560,498.21,3,0
O1147,P713,75.62,3,0
O1148,P742,75.26,4,0
O1149,P171,438.42,2,0
O1150,P918,234.32,1,0
O1151,P854,235.29,1,1
O1152,P175,169.68,4,0
O1153,P741,83.68,3,0
O1154,P808,371.7,2,1
O1155,P850,387.19,1,0
O1156,P243,80.52,3,0
O1157,P193,16.42,1,1
O1158,P714,285.75,4,0
O1159,P867,347.59,3,0
O1160,P411,403.28,3,0
O1161,P821,391.31,2,1
O1162,P227,486.88,5,0
O1163,P422,271.4,3,0
O1164,P362,454.22,1,0
O1165,P702,201.28,2,0
O1166,P461,152.48,3,0
O1167,P143,97.54,4,0
O1168,P402,145.55,4,0
O1169,P589,46.07,5,0
O1170,P244,198.09,2,0
O1171,P884,405.6,3,0
O1172,P191,406.83,4,0
O1173,P625,37.22,1,0
O1174,P484,121.67,5,0
O1175,P404,115.13,3,0
O1176,P501,31.28,1,0
O1177,P572,288.55,3,0
O1178,P374,342.15,1,0
O1179,P443,174.41,2,1
O1180,P757,422.76,5,1
O1181,P129,32.3,5,1
O1182,P295,224.18,4,0
O1183,P487,178.65,2,0
O1184,P940,366.27,3,1
O1185,P898,167.7,4,0
O1186,P367,198.55,2,0
O1187,P597,466.55,5,0
O1188,P843,410.7,4,0
O1189,P970,98.86,1,0
O1190,P987,418.54,3,0
O1191,P965,390.81,1,0
O1192,P395,81.36,5,0
O1193,P971,81.54,4,1
O1194,P821,163.1,1,0
O1195,P893,277.52,3,0
O1196,P149,365.07,4,1
O1197,P668,469.22,3,0
O1198,P253,486.04,4,0
O1199,P169,297.49,4,0
O1200,P984,23.3,4,0
O1201,P825,364.73,5,1
O1202,P939,495.9,2,0
O1203,P936,428.99,4,1
O1204,P413,53.63,1,1
O1205,P490,77.31,1,0
O1206,P888,351.31,2,1
O1207,P403,254.62,1,1
O1208,P775,168.06,5,1
O1209,P295,159.97,2,1
O1210,P568,278.71,3,0
O1211,P207,352.49,5,0
O1212,P437,17.62,5,0
O1213,P926,357.29,4,0
O1214,P873,129.06,3,0
O1215,P872,495.27,1,0
O1216,P949,324.26,3,1
O1217,P925,362.03,2,1
O1218,P894,218.47,3,1
O1219,P876,257.96,5,0
O1220,P108,252.3,5,0
O1221,P877,272.1,5,0
O1222,P520,317.42,4,0
O1223,P981,427.12,4,1
O1224,P692,329.91,1,0
O1225,P790,154.23,4,0
O1226,P352,250.82,2,0
O1227,P863,49.87,1,1
O1228,P345,371.77,5,0
O1229,P765,338.35,4,0
O1230,P885,70.5,5,0
O1231,P963,28.77,1,0
O1232,P706,446.72,2,1
O1233,P763,143.56,5,1
O1234,P611,97.56,3,0
O1235,P151,238.01,5,0
O1236,P879,297.36,3,0
O1237,P916,69.04,5,0
O1238,P831,217.52,4,1
O1239,P436,464.53,2,0
O1240,P203,181.59,5,0
O1241,P723,410.54,2,1
O1242,P164,485.65,4,1
O1243,P707,294.29,2,1
O1244,P357,54.1,3,1
O1245,P593,282.26,2,1
O1246,P216,106.13,5,0
O1247,P268,403.38,5,1
O1248,P307,219.89,3,0
O1249,P403,14.27,4,0
O1250,P504,218.03,1,0
O1251,P731,114.67,3,0
O1252,P868,165.02,2,0
O1253,P556,31.79,2,0
O1254,P709,465.1,2,1
O1255,P991,147.67,2,0
O1256,P593,392.94,3,0
O1257,P292,330.73,5,0
O1258,P706,230.84,5,0
O1259,P167,162.37,2,0
O1260,P215,165.41,3,0
O1261,P476,10.73,3,0
O1262,P814,424.61,5,0
O1263,P411,255.55,4,0
O1264,P504,238.71,1,0
O1265,P794,371.38,4,0
O1266,P865,201.13,3,0
O1267,P535,290.45,3,0
O1268,P520,370.6,3,1
O1269,P233,444.26,4,0
O1270,P642,50.37,2,1
O1271,P849,219.8,2,0
O1272,P457,349.61,5,0
O1273,P478,291.66,4,0
O1274,P696,444.5,3,0
O1275,P142,42.88,5,0
O1276,P454,237.57,5,0
O1277,P827,468.07,2,0
O1278,P344,422.71,1,1
O1279,P691,19.34,4,0
O1280,P589,299.91,2,1
O1281,P582,109.18,1,0
O1282,P633,88.4,5,0
O1283,P851,294.47,1,0
O1284,P876,436.93,5,0
O1285,P963,311.61,1,1
O1286,P413,233.71,2,0
O1287,P425,40.27,3,0
O1288,P982,178.75,5,0
O1289,P348,166.94,2,1
O1290,P283,242.14,2,0
O1291,P538,102.14,5,0
O1292,P752,459.13,3,1
O1293,P560,255.14,5,0
O1294,P923,144.11,3,0
O1295,P639,422.92,2,1
O1296,P547,395.91,1,1
O1297,P670,343.11,3,0
O1298,P221,168.1,3,0
O1299,P440,32.56,2,0
O1300,P979,182.32,1,0
O1301,P566,490.68,3,0
O1302,P159,300.79,4,0
O1303,P458,219.12,2,0
O1304,P537,318.63,2,0
O1305,P987,18.82,2,0
O1306,P983,484.3,2,0
O1307,P405,485.07,1,1
O1308,P261,265.44,2,0
O1309,P783,264.97,5,1
O1310,P873,404.77,5,0
O1311,P321,52.85,3,0
O1312,P195,492.43,2,0
O1313,P285,361.61,5,0
O1314,P246,345.02,1,1
O1315,P118,23.76,4,0
O1316,P202,328.24,5,0
O1317,P665,151.57,3,0
O1318,P265,305.99,5,0
O1319,P625,447.6,1,1
O1320,P828,383.94,4,0
O1321,P478,72.04,4,0
O1322,P498,191.47,4,0
O1323,P529,223.68,4,0
O1324,P543,207.35,5,0
O1325,P806,227.79,4,0
O1326,P481,47.13,5,0
O1327,P916,311.77,2,1
O1328,P354,491.36,4,0
O1329,P883,392.83,3,0
O1330,P602,251.86,2,1
O1331,P863,281.87,5,0
O1332,P543,339.57,3,0
O1333,P175,499.69,4,0
O1334,P663,327.35,5,0
O1335,P620,154.43,1,1
O1336,P453,322.4,3,0
O1337,P917,430.56,1,0
O1338,P435,200.61,2,0
O1339,P308,452.18,4,0
O1340,P257,317.0,4,0
O1341,P615,289.07,1,0
O1342,P103,128.08,3,0
O1343,P276,334.37,5,1
O1344,P428,169.0,5,0
O1345,P783,18.22,5,0
O1346,P268,157.38,4,0
O1347,P981,486.36,5,1
O1348,P438,232.9,2,1
O1349,P341,365.42,1,1
O1350,P895,390.12,4,0
O1351,P915,242.87,2,0
O1352,P527,311.87,5,0
O1353,P846,35.59,4,0
O1354,P242,493.54,2,1
O1355,P336,397.64,4,1
O1356,P242,343.11,4,0
O1357,P772,302.98,3,1
O1358,P157,276.56,2,0
O1359,P140,312.45,1,1
O1360,P734,410.4,4,0
O1361,P907,318.09,1,1
O1362,P364,135.71,4,0
O1363,P688,288.59,4,0
O1364,P663,273.94,4,0
O1365,P560,174.34,5,0
O1366,P503,287.81,2,0
O1367,P342,140.23,2,0
O1368,P505,240.81,4,0
O1369,P632,167.52,2,0
O1370,P751,133.21,5,0
O1371,P617,361.24,2,0
O1372,P954,162.96,3,0
O1373,P126,477.28,5,1
O1374,P843,412.63,3,1
O1375,P718,311.19,5,0
O1376,P788,193.81,1,1
O1377,P823,202.33,3,1
O1378,P777,110.51,5,0
O1379,P435,12.41,2,0
O1380,P608,466.88,4,0
O1381,P205,51.61,2,1
O1382,P687,17.72,5,0
O1383,P879,379.89,4,1
O1384,P815,100.4,3,0
O1385,P985,482.11,1,0
O1386,P243,387.88,3,0
O1387,P518,261.42,1,0
O1388,P837,306.23,4,0
O1389,P465,397.39,4,0
O1390,P907,399.11,4,0
O1391,P364,15.13,4,0
O1392,P148,171.33,4,0
O1393,P825,104.23,5,0
O1394,P324,111.6,2,1
O1395,P257,48.38,3,0
O1396,P148,193.7,3,0
O1397,P695,200.31,3,0
O1398,P891,133.29,3,1
O1399,P260,206.32,1,0
O1400,P211,99.01,1,0
O1401,P543,203.98,4,0
O1402,P599,137.13,3,0
O1403,P712,310.3,5,1
O1404,P928,64.68,1,0
O1405,P270,255.59,4,0
O1406,P519,463.08,3,0
O1407,P792,250.78,4,1
O1408,P473,423.81,1,1
O1409,P416,217.57,2,0
O1410,P312,481.58,4,0
O1411,P260,366.8,5,0
O1412,P755,44.48,2,0
O1413,P669,64.18,2,0
O1414,P895,229.94,5,1
O1415,P311,36.45,3,0
O1416,P736,214.39,3,1
O1417,P547,93.48,1,1
O1418,P110,77.35,1,1
O1419,P853,136.34,3,1
O1420,P832,276.03,5,0
O1421,P981,100.5,3,0
O1422,P242,28.29,3,0
O1423,P134,80.42,5,0
O1424,P123,94.07,1,0
O1425,P692,379.92,3,0
O1426,P767,206.67,1,1
O1427,P434,418.24,1,1
O1428,P188,109.91,1,0
O1429,P372,311.04,3,0
O1430,P926,50.6,3,0
O1431,P721,275.29,3,1
O1432,P999,142.59,5,0
O1433,P245,366.22,4,0
O1434,P789,341.18,5,1
O1435,P794,363.88,1,1
O1436,P272,128.85,3,0
O1437,P720,10.63,2,0
O1438,P845,470.42,3,0
O1439,P326,407.95,3,0
O1440,P332,70.88,3,0
O1441,P709,267.27,1,1
O1442,P606,289.49,5,0
O1443,P361,33.04,4,0
O1444,P638,188.2,3,0
O1445,P696,431.26,4,1
O1446,P804,367.16,4,0
O1447,P385,155.99,3,0
O1448,P653,61.2,5,1
O1449,P285,284.23,4,0
O1450,P712,145.12,1,0
O1451,P124,191.93,5,0
O1452,P275,81.11,3,1
O1453,P262,324.38,2,0
O1454,P778,475.36,2,0
O1455,P748,418.43,5,0
O1456,P665,410.97,1,0
O1457,P494,27.4,5,0
O1458,P642,378.7,4,0
O1459,P938,403.3,1,0
O1460,P947,25.58,5,0
O1461,P997,209.94,3,0
O1462,P328,157.47,3,1
O1463,P483,341.26,1,1
O1464,P823,27.3,4,0
O1465,P832,428.29,3,0
O1466,P193,182.51,3,0
O1467,P476,342.67,1,0
O1468,P722,200.5,5,0
O1469,P463,208.18,1,0
O1470,P997,335.7,1,0
O1471,P812,46.52,1,0
O1472,P177,366.8,4,1
O1473,P740,228.09,1,0
O1474,P446,298.52,3,0
O1475,P732,48.53,1,0
O1476,P589,225.64,5,0
O1477,P673,450.82,1,1
O1478,P128,147.54,5,0
O1479,P836,300.83,1,0
O1480,P265,171.92,4,0
O1481,P216,56.58,4,0
O1482,P322,334.39,2,1
O1483,P353,400.26,5,0
O1484,P127,284.1,4,0
O1485,P994,381.9,1,0
O1486,P227,315.66,2,0
O1487,P986,350.72,4,0
O1488,P196,82.6,1,1
O1489,P720,149.89,5,0
O1490,P117,206.96,3,0
O1491,P421,124.68,1,0
O1492,P826,111.43,4,0
O1493,P166,126.92,3,0
O1494,P927,34.83,2,1
O1495,P531,241.81,1,0
O1496,P551,250.08,3,0
O1497,P689,261.52,1,1
O1498,P934,78.85,2,1
O1499,P996,309.61,1,1
O1500,P918,129.71,4,1
